Date,AAPL,GSPC,MSFT
2020-01-02,72.40050506591797,152.15838623046875,3257.85009765625
2020-01-03,71.69664001464844,150.26376342773438,3234.85009765625
2020-01-06,72.26791381835938,150.65216064453125,3246.280029296875
2020-01-07,71.92805480957031,149.27853393554688,3237.179931640625
2020-01-08,73.0851058959961,151.65628051757812,3253.050048828125
2020-01-09,74.63750457763672,153.55088806152344,3274.699951171875
2020-01-10,74.80623626708984,152.84048461914062,3265.35009765625
2020-01-13,76.4044189453125,154.67823791503906,3288.1298828125
2020-01-14,75.37269592285156,153.58885192871094,3283.14990234375
2020-01-15,75.04971313476562,154.58349609375,3289.2900390625
2020-01-16,75.98982238769531,157.41603088378906,3316.81005859375
2020-01-17,76.83110809326172,158.29696655273438,3329.6201171875
2020-01-21,76.31041717529297,157.72862243652344,3320.7900390625
2020-01-22,76.58279418945312,156.97073364257812,3321.75
2020-01-23,76.95159912109375,157.93704223632812,3325.5400390625
2020-01-24,76.72984313964844,156.34555053710938,3295.469970703125
2020-01-27,74.47358703613281,153.7309112548828,3243.6298828125
2020-01-28,76.58040618896484,156.74343872070312,3276.239990234375
2020-01-29,78.18340301513672,159.18751525878906,3273.39990234375
2020-01-30,78.07009887695312,163.67779541015625,3283.659912109375
2020-01-31,74.60855102539062,161.26210021972656,3225.52001953125
2020-02-03,74.40367889404297,165.19351196289062,3248.919921875
2020-02-04,76.86002349853516,170.63113403320312,3297.590087890625
2020-02-05,77.48672485351562,170.42271423339844,3334.68994140625
2020-02-06,78.39313507080078,173.9562530517578,3345.780029296875
2020-02-07,77.32752990722656,174.20252990722656,3327.7099609375
2020-02-10,77.69482421875,178.75909423828125,3352.090087890625
2020-02-11,77.2260513305664,174.7235107421875,3357.75
2020-02-12,79.05999755859375,174.9792938232422,3379.449951171875
2020-02-13,78.49698638916016,174.03201293945312,3373.93994140625
2020-02-14,78.51634979248047,175.58558654785156,3380.159912109375
2020-02-18,77.07865905761719,177.36654663085938,3370.2900390625
2020-02-19,78.19499206542969,177.89849853515625,3386.14990234375
2020-02-20,77.39277648925781,175.18174743652344,3373.22998046875
2020-02-21,75.64098358154297,169.64381408691406,3337.75
2020-02-24,72.04801177978516,162.3295135498047,3225.889892578125
2020-02-25,69.60758209228516,159.6508331298828,3128.2099609375
2020-02-26,70.71180725097656,161.64559936523438,3116.389892578125
2020-02-27,66.08953857421875,150.2562255859375,2978.760009765625
2020-02-28,66.05085754394531,153.89434814453125,2954.219970703125
2020-03-02,72.20024108886719,164.13438415527344,3090.22998046875
2020-03-03,69.9072036743164,156.26913452148438,3003.3701171875
2020-03-04,73.14982604980469,162.0065460205078,3130.1201171875
2020-03-05,70.7770767211914,157.9409637451172,3023.93994140625
2020-03-06,69.83714294433594,153.47637939453125,2972.3701171875
2020-03-09,64.3135986328125,143.07493591308594,2746.56005859375
2020-03-10,68.94554901123047,152.8590087890625,2882.22998046875
2020-03-11,66.55101013183594,145.9341583251953,2741.3798828125
2020-03-12,59.97879409790039,132.09400939941406,2480.639892578125
2020-03-13,67.1647720336914,150.87367248535156,2711.02001953125
2020-03-16,58.52421569824219,128.63636779785156,2386.1298828125
2020-03-17,61.0975341796875,139.22781372070312,2529.18994140625
2020-03-18,59.601863861083984,133.36691284179688,2398.10009765625
2020-03-19,59.14519500732422,135.56121826171875,2409.389892578125
2020-03-20,55.39032745361328,130.4697265625,2304.919921875
2020-03-23,54.21360778808594,129.16830444335938,2237.39990234375
2020-03-24,59.65260314941406,140.9091796875,2447.330078125
2020-03-25,59.32400131225586,139.56031799316406,2475.56005859375
2020-03-26,62.44579315185547,148.2899932861328,2630.070068359375
2020-03-27,59.86040115356445,142.2010498046875,2541.469970703125
2020-03-30,61.568702697753906,152.2034912109375,2626.64990234375
2020-03-31,61.443050384521484,149.8097686767578,2584.590087890625
2020-04-01,58.21009826660156,144.4902801513672,2470.5
2020-04-02,59.18143844604492,147.48248291015625,2526.89990234375
2020-04-03,58.33091354370117,146.12413024902344,2488.64990234375
2020-04-06,63.419559478759766,156.99107360839844,2663.679931640625
2020-04-07,62.68500518798828,155.3002471923828,2659.409912109375
2020-04-08,64.28939819335938,156.85804748535156,2749.97998046875
2020-04-09,64.75332641601562,156.86756896972656,2789.820068359375
2020-04-13,66.02427673339844,157.21902465820312,2761.6298828125
2020-04-14,69.35871124267578,164.99876403808594,2846.06005859375
2020-04-15,68.72565460205078,163.26995849609375,2783.360107421875
2020-04-16,69.2717514038086,168.1714630126953,2799.550048828125
2020-04-17,68.3318099975586,169.65328979492188,2874.56005859375
2020-04-20,66.9134750366211,166.2906494140625,2823.159912109375
2020-04-21,64.84513854980469,159.41329956054688,2736.56005859375
2020-04-22,66.71292114257812,164.82781982421875,2799.31005859375
2020-04-23,66.4543685913086,162.83297729492188,2797.800048828125
2020-04-24,68.37289428710938,165.80618286132812,2836.739990234375
2020-04-27,68.42121887207031,165.33120727539062,2878.47998046875
2020-04-28,67.31214904785156,161.30364990234375,2863.389892578125
2020-04-29,69.52304077148438,168.5419158935547,2939.510009765625
2020-04-30,70.98970031738281,170.23277282714844,2912.429931640625
2020-05-01,69.84678649902344,165.82522583007812,2830.7099609375
2020-05-04,70.8350601196289,169.8813018798828,2842.739990234375
2020-05-05,71.89820861816406,171.70510864257812,2868.43994140625
2020-05-06,72.64002227783203,173.39596557617188,2848.419921875
2020-05-07,73.3914566040039,174.40286254882812,2881.18994140625
2020-05-08,75.13827514648438,175.42872619628906,2929.800048828125
2020-05-11,76.32060241699219,177.38552856445312,2930.18994140625
2020-05-12,75.4483871459961,173.36746215820312,2870.1201171875
2020-05-13,74.53742980957031,170.74575805664062,2820.0
2020-05-14,74.99535369873047,171.4866485595703,2852.5
2020-05-15,74.5519790649414,173.98487854003906,2863.699951171875
2020-05-18,76.30850219726562,175.64723205566406,2953.909912109375
2020-05-19,75.86756134033203,174.43136596679688,2922.93994140625
2020-05-20,77.3430404663086,176.85086059570312,2971.610107421875
2020-05-21,76.76641082763672,174.72665405273438,2948.510009765625
2020-05-22,77.26066589355469,174.80282592773438,2955.449951171875
2020-05-26,76.73735809326172,172.95489501953125,2991.77001953125
2020-05-27,77.0716781616211,173.18350219726562,3036.1298828125
2020-05-28,77.10560607910156,172.79295349121094,3029.72998046875
2020-05-29,77.0304946899414,174.55514526367188,3044.31005859375
2020-06-01,77.97782135009766,174.15512084960938,3055.72998046875
2020-06-02,78.33881378173828,176.1364288330078,3080.820068359375
2020-06-03,78.77007293701172,176.56509399414062,3122.8701171875
2020-06-04,78.0916976928711,174.24082946777344,3112.35009765625
2020-06-05,80.3158187866211,178.31776428222656,3193.929931640625
2020-06-08,80.79067993164062,179.42276000976562,3232.389892578125
2020-06-09,83.34188842773438,180.79441833496094,3207.179931640625
2020-06-10,85.4860610961914,187.50038146972656,3190.139892578125
2020-06-11,81.38185119628906,177.43191528320312,3002.10009765625
2020-06-12,82.08446502685547,178.8321533203125,3041.31005859375
2020-06-15,83.099609375,179.97518920898438,3066.590087890625
2020-06-16,85.30196380615234,184.3855438232422,3124.739990234375
2020-06-17,85.1832275390625,185.02371215820312,3113.489990234375
2020-06-18,85.21712493896484,187.0050506591797,3115.340087890625
2020-06-19,84.73016357421875,185.8905792236328,3097.739990234375
2020-06-22,86.94700622558594,191.0534210205078,3117.860107421875
2020-06-23,88.80290222167969,192.32981872558594,3131.2900390625
2020-06-24,87.23533630371094,188.4529266357422,3050.330078125
2020-06-25,88.3934326171875,190.8343048095703,3083.760009765625
2020-06-26,85.67748260498047,187.0146026611328,3009.050048828125
2020-06-29,87.65205383300781,189.02447509765625,3053.239990234375
2020-06-30,88.38373565673828,193.85386657714844,3100.2900390625
2020-07-01,88.21656799316406,194.9874267578125,3115.860107421875
2020-07-02,88.21656799316406,196.47337341308594,3130.010009765625
2020-07-06,90.57638549804688,200.7027587890625,3179.719970703125
2020-07-07,90.29533386230469,198.36900329589844,3145.320068359375
2020-07-08,92.3983154296875,202.73165893554688,3169.93994140625
2020-07-09,92.7956771850586,204.15097045898438,3152.050048828125
2020-07-10,92.9579849243164,203.5318603515625,3185.0400390625
2020-07-13,92.52915954589844,197.2449951171875,3155.219970703125
2020-07-14,94.06037902832031,198.46421813964844,3197.52001953125
2020-07-15,94.70724487304688,198.16893005371094,3226.56005859375
2020-07-16,93.54190063476562,194.24447631835938,3215.570068359375
2020-07-17,93.3529052734375,193.25379943847656,3224.72998046875
2020-07-20,95.32022094726562,201.56002807617188,3251.840087890625
2020-07-21,94.00462341308594,198.8452606201172,3257.300048828125
2020-07-22,94.26872253417969,201.70289611816406,3276.02001953125
2020-07-23,89.97796630859375,192.92987060546875,3235.659912109375
2020-07-24,89.75505065917969,191.74876403808594,3215.6298828125
2020-07-27,91.88225555419922,194.17776489257812,3239.409912109375
2020-07-28,90.37284088134766,192.43460083007812,3218.43994140625
2020-07-29,92.10515594482422,194.37779235839844,3258.43994140625
2020-07-30,93.21965789794922,194.2253875732422,3246.219970703125
2020-07-31,102.97869110107422,195.28271484375,3271.1201171875
2020-08-03,105.57350158691406,206.26565551757812,3294.610107421875
2020-08-04,106.2785415649414,203.16981506347656,3306.510009765625
2020-08-05,106.6637954711914,202.8364715576172,3327.77001953125
2020-08-06,110.38516998291016,206.0846710205078,3349.159912109375
2020-08-07,107.87548828125,202.3982696533203,3351.280029296875
2020-08-10,109.44344329833984,198.36900329589844,3360.469970703125
2020-08-11,106.18861389160156,193.7300567626953,3333.68994140625
2020-08-12,109.71771240234375,199.264404296875,3380.35009765625
2020-08-13,111.6594467163086,198.79763793945312,3373.429931640625
2020-08-14,111.55994415283203,198.98812866210938,3372.85009765625
2020-08-17,111.2686767578125,200.30264282226562,3381.989990234375
2020-08-18,112.19586181640625,201.4552459716797,3389.780029296875
2020-08-19,112.33661651611328,200.2330322265625,3374.85009765625
2020-08-20,114.82930755615234,204.89276123046875,3385.510009765625
2020-08-21,120.74678039550781,203.4031524658203,3397.159912109375
2020-08-24,122.19093322753906,204.0429229736328,3431.280029296875
2020-08-25,121.18852233886719,206.6974334716797,3443.6201171875
2020-08-26,122.83656311035156,211.16615295410156,3478.72998046875
2020-08-27,121.36813354492188,216.3509979248047,3484.550048828125
2020-08-28,121.1715087890625,218.5758056640625,3508.010009765625
2020-08-31,125.28067779541016,215.3484344482422,3500.31005859375
2020-09-01,130.27098083496094,217.0098419189453,3526.64990234375
2020-09-02,127.57197570800781,221.19210815429688,3580.840087890625
2020-09-03,117.35841369628906,207.48992919921875,3455.06005859375
2020-09-04,117.43610382080078,204.57762145996094,3426.9599609375
2020-09-08,109.53325653076172,193.5108642578125,3331.840087890625
2020-09-09,113.90216064453125,201.7512664794922,3398.9599609375
2020-09-10,110.18373107910156,196.09854125976562,3339.18994140625
2020-09-11,108.73713684082031,194.81903076171875,3340.969970703125
2020-09-14,111.999267578125,196.13673400878906,3383.5400390625
2020-09-15,112.17401885986328,199.35458374023438,3401.199951171875
2020-09-16,108.86334991455078,195.79299926757812,3385.489990234375
2020-09-17,107.12548065185547,193.74957275390625,3357.010009765625
2020-09-18,103.72744750976562,191.3433380126953,3319.469970703125
2020-09-21,106.8730697631836,193.396240234375,3281.06005859375
2020-09-22,108.55269622802734,198.0559539794922,3315.570068359375
2020-09-23,103.99931335449219,191.53431701660156,3236.919921875
2020-09-24,105.0672607421875,194.01690673828125,3246.590087890625
2020-09-25,109.00898742675781,198.43788146972656,3298.4599609375
2020-09-28,111.61093139648438,199.9847869873047,3351.60009765625
2020-09-29,110.76622772216797,197.9031982421875,3335.469970703125
2020-09-30,112.43614196777344,200.8345947265625,3363.0
2020-10-01,113.38758850097656,202.8684539794922,3380.800048828125
2020-10-02,109.72742462158203,196.8815155029297,3348.419921875
2020-10-05,113.10604858398438,200.88233947753906,3408.60009765625
2020-10-06,109.86334228515625,196.6141357421875,3360.969970703125
2020-10-07,111.72742462158203,200.3572235107422,3419.43994140625
2020-10-08,111.62062072753906,201.07334899902344,3446.830078125
2020-10-09,113.56236267089844,206.06723022460938,3477.139892578125
2020-10-12,120.7759017944336,211.4048614501953,3534.219970703125
2020-10-13,117.57202911376953,212.7989044189453,3511.929931640625
2020-10-14,117.65941619873047,210.88922119140625,3488.669921875
2020-10-15,117.19338989257812,209.743408203125,3483.340087890625
2020-10-16,115.55261993408203,209.743408203125,3483.81005859375
2020-10-19,112.60120391845703,204.5490264892578,3426.919921875
2020-10-20,114.08662414550781,204.95957946777344,3443.1201171875
2020-10-21,113.46527099609375,205.10279846191406,3435.56005859375
2020-10-22,112.37789154052734,205.1887664794922,3453.489990234375
2020-10-23,111.68856048583984,206.46824645996094,3465.389892578125
2020-10-26,111.69829559326172,200.5959014892578,3400.969970703125
2020-10-27,113.20310974121094,203.622802734375,3390.679931640625
2020-10-28,107.96045684814453,193.52996826171875,3271.030029296875
2020-10-29,111.9604263305664,195.4778594970703,3310.110107421875
2020-10-30,105.6886215209961,193.32945251464844,3269.9599609375
2020-11-02,105.60124206542969,193.1957550048828,3310.239990234375
2020-11-03,107.22257232666016,197.1106719970703,3369.159912109375
2020-11-04,111.6011962890625,206.62103271484375,3443.43994140625
2020-11-05,115.56232452392578,213.2095184326172,3510.449951171875
2020-11-06,115.4310302734375,213.62010192871094,3509.43994140625
2020-11-09,113.12612915039062,208.53074645996094,3550.5
2020-11-10,112.78571319580078,201.4839324951172,3545.530029296875
2020-11-11,116.2090835571289,206.77378845214844,3572.659912109375
2020-11-12,115.93675231933594,205.71392822265625,3537.010009765625
2020-11-13,115.98539733886719,206.73556518554688,3585.14990234375
2020-11-16,116.9968490600586,207.423095703125,3626.909912109375
2020-11-17,116.11181640625,204.7781524658203,3609.530029296875
2020-11-18,114.78916931152344,202.0784149169922,3567.7900390625
2020-11-19,115.38240814208984,203.36126708984375,3581.8701171875
2020-11-20,114.11811065673828,201.41786193847656,3557.5400390625
2020-11-23,110.72391510009766,201.1497802734375,3577.590087890625
2020-11-24,112.0076904296875,204.7398681640625,3635.409912109375
2020-11-25,112.84407043457031,204.7494354248047,3629.64990234375
2020-11-27,113.38870239257812,206.05140686035156,3638.35009765625
2020-11-30,115.7811508178711,204.94091796875,3621.6298828125
2020-12-01,119.35039520263672,206.9896240234375,3662.449951171875
2020-12-02,119.70050048828125,206.1854705810547,3669.010009765625
2020-12-03,119.56436157226562,205.10366821289062,3666.719970703125
2020-12-04,118.89329528808594,205.21847534179688,3699.1201171875
2020-12-07,120.35210418701172,205.1515350341797,3691.9599609375
2020-12-08,120.9648208618164,206.7981719970703,3702.25
2020-12-09,118.43618774414062,202.76773071289062,3672.820068359375
2020-12-10,119.85611724853516,201.54234313964844,3668.10009765625
2020-12-11,119.0489273071289,204.16543579101562,3663.4599609375
2020-12-14,118.43618774414062,205.0653533935547,3647.489990234375
2020-12-15,124.36872100830078,204.99835205078125,3694.6201171875
2020-12-16,124.30061340332031,209.92872619628906,3701.169921875
2020-12-17,125.16617584228516,210.062744140625,3722.47998046875
2020-12-18,123.18220520019531,209.2681427001953,3709.409912109375
2020-12-21,124.70907592773438,213.0975799560547,3694.919921875
2020-12-22,128.25888061523438,214.39002990722656,3687.260009765625
2020-12-23,127.36419677734375,211.5945281982422,3690.010009765625
2020-12-24,128.34645080566406,213.25076293945312,3703.06005859375
2020-12-28,132.93678283691406,215.36651611328125,3735.360107421875
2020-12-29,131.16677856445312,214.5910186767578,3727.0400390625
2020-12-30,130.04835510253906,212.22642517089844,3732.0400390625
2020-12-31,129.04666137695312,212.93484497070312,3756.070068359375
2021-01-04,125.85669708251953,208.40652465820312,3700.64990234375
2021-01-05,127.41278839111328,208.6075897216797,3726.860107421875
2021-01-06,123.12386322021484,203.19854736328125,3748.139892578125
2021-01-07,127.32523345947266,208.98094177246094,3803.7900390625
2021-01-08,128.42425537109375,210.2542266845703,3824.679931640625
2021-01-11,125.43848419189453,208.215087890625,3799.610107421875
2021-01-12,125.26344299316406,205.76422119140625,3801.18994140625
2021-01-13,127.29607391357422,207.1140899658203,3809.840087890625
2021-01-14,125.37043762207031,203.9356689453125,3795.5400390625
2021-01-15,123.64904022216797,203.58143615722656,3768.25
2021-01-19,124.320068359375,207.2098846435547,3798.909912109375
2021-01-20,128.40475463867188,214.77293395996094,3851.85009765625
2021-01-21,133.1118621826172,215.3760986328125,3853.070068359375
2021-01-22,135.25146484375,216.31430053710938,3841.469970703125
2021-01-25,138.99574279785156,219.74163818359375,3855.360107421875
2021-01-26,139.22915649414062,222.42221069335938,3849.6201171875
2021-01-27,138.15936279296875,222.9678955078125,3750.77001953125
2021-01-28,133.32583618164062,228.74070739746094,3787.3798828125
2021-01-29,128.33673095703125,222.06797790527344,3714.239990234375
2021-02-01,130.45680236816406,229.43006896972656,3773.860107421875
2021-02-02,131.283447265625,229.29600524902344,3826.31005859375
2021-02-03,130.2622833251953,232.63717651367188,3830.169921875
2021-02-04,133.6175994873047,231.6894073486328,3871.739990234375
2021-02-05,133.20364379882812,231.8712921142578,3886.830078125
2021-02-08,133.34974670410156,232.12977600097656,3915.590087890625
2021-02-09,132.47314453125,233.3743438720703,3911.22998046875
2021-02-10,131.86924743652344,232.46487426757812,3909.8798828125
2021-02-11,131.6160430908203,234.06362915039062,3916.3798828125
2021-02-12,131.84976196289062,234.54232788085938,3934.830078125
2021-02-16,129.7264862060547,233.30735778808594,3932.590087890625
2021-02-17,127.43759155273438,234.324462890625,3931.330078125
2021-02-18,126.33695983886719,233.93104553222656,3913.969970703125
2021-02-19,126.4927978515625,231.22509765625,3906.7099609375
2021-02-22,122.72345733642578,225.0263214111328,3876.5
2021-02-23,122.58708953857422,223.83648681640625,3881.3701171875
2021-02-24,122.09034729003906,225.064697265625,3925.429931640625
2021-02-25,117.84373474121094,219.72955322265625,3829.340087890625
2021-02-26,118.10669708251953,222.982421875,3811.14990234375
2021-03-01,124.46690368652344,227.35809326171875,3901.820068359375
2021-03-02,121.8663330078125,224.41221618652344,3870.2900390625
2021-03-03,118.8858871459961,218.357421875,3819.719970703125
2021-03-04,117.00607299804688,217.5609588623047,3768.469970703125
2021-03-05,118.26253509521484,222.23402404785156,3841.93994140625
2021-03-08,113.33414459228516,218.19424438476562,3821.35009765625
2021-03-09,117.94112396240234,224.3258514404297,3875.43994140625
2021-03-10,116.86000061035156,223.0208282470703,3898.81005859375
2021-03-11,118.78849029541016,227.54039001464844,3939.340087890625
2021-03-12,117.88268280029297,226.21612548828125,3943.340087890625
2021-03-15,120.76570892333984,225.31417846679688,3968.93994140625
2021-03-16,122.30461883544922,228.09690856933594,3962.7099609375
2021-03-17,121.51569366455078,227.45399475097656,3974.1201171875
2021-03-18,117.39568328857422,221.38954162597656,3915.4599609375
2021-03-19,116.86972045898438,221.03453063964844,3913.10009765625
2021-03-22,120.18132019042969,226.4464569091797,3940.590087890625
2021-03-23,119.3534164428711,227.9722137451172,3910.52001953125
2021-03-24,116.9671401977539,225.9379425048828,3889.139892578125
2021-03-25,117.45410919189453,222.94407653808594,3909.52001953125
2021-03-26,118.0579833984375,226.9166259765625,3974.5400390625
2021-03-29,118.23332977294922,225.72677612304688,3971.090087890625
2021-03-30,116.78206634521484,222.47389221191406,3958.550048828125
2021-03-31,118.97355651855469,226.23536682128906,3972.889892578125
2021-04-01,119.80145263671875,232.5492706298828,4019.8701171875
2021-04-05,122.62605285644531,238.99749755859375,4077.909912109375
2021-04-06,122.927978515625,237.83644104003906,4073.93994140625
2021-04-07,124.57404327392578,239.7939453125,4079.949951171875
2021-04-08,126.97003173828125,243.00848388671875,4097.169921875
2021-04-09,129.54139709472656,245.50335693359375,4128.7998046875
2021-04-12,127.82723236083984,245.5609130859375,4127.990234375
2021-04-13,130.9342041015625,248.03656005859375,4141.58984375
2021-04-14,128.5966339111328,245.2538299560547,4124.66015625
2021-04-15,131.00238037109375,249.00575256347656,4170.419921875
2021-04-16,130.67124938964844,250.195556640625,4185.47021484375
2021-04-19,131.33355712890625,248.27639770507812,4163.259765625
2021-04-20,129.64854431152344,247.81582641601562,4134.93994140625
2021-04-21,130.02841186523438,250.04200744628906,4173.419921875
2021-04-22,128.50894165039062,246.76991271972656,4134.97998046875
2021-04-23,130.8270721435547,250.5889892578125,4180.169921875
2021-04-26,131.21665954589844,250.97283935546875,4187.6201171875
2021-04-27,130.895263671875,251.37582397460938,4186.72021484375
2021-04-28,130.10630798339844,244.26547241210938,4183.18017578125
2021-04-29,130.0089111328125,242.29840087890625,4211.47021484375
2021-04-30,128.04144287109375,241.9817352294922,4181.169921875
2021-05-03,129.09339904785156,241.67469787597656,4192.66015625
2021-05-04,124.52532196044922,237.7692413330078,4164.66015625
2021-05-05,124.7688217163086,236.50267028808594,4167.58984375
2021-05-06,126.3661880493164,239.63079833984375,4201.6201171875
2021-05-07,127.03936767578125,242.25039672851562,4232.60009765625
2021-05-10,123.7612075805664,237.18392944335938,4188.43017578125
2021-05-11,122.8441162109375,236.27235412597656,4152.10009765625
2021-05-12,119.7805404663086,229.334716796875,4063.0400390625
2021-05-13,121.9269790649414,233.20176696777344,4112.5
2021-05-14,124.34659576416016,238.1147003173828,4173.85009765625
2021-05-17,123.19532775878906,235.26480102539062,4163.2900390625
2021-05-18,121.80989074707031,233.24972534179688,4127.830078125
2021-05-19,121.65381622314453,233.82679748535156,4115.68017578125
2021-05-20,124.20999145507812,237.05836486816406,4159.1201171875
2021-05-21,122.37577819824219,235.79847717285156,4155.85986328125
2021-05-24,124.0051040649414,241.19398498535156,4197.0498046875
2021-05-25,123.80997467041016,242.09808349609375,4188.1298828125
2021-05-26,123.7612075805664,241.87689208984375,4195.990234375
2021-05-27,122.22941589355469,239.78018188476562,4200.8798828125
2021-05-28,121.57574462890625,240.13609313964844,4204.10986328125
2021-06-01,121.25376892089844,237.9431915283203,4202.0400390625
2021-06-02,122.01477813720703,237.84703063964844,4208.1201171875
2021-06-03,120.53179168701172,236.31781005859375,4192.85009765625
2021-06-04,122.82459259033203,241.20361328125,4229.89013671875
2021-06-07,122.83433532714844,244.10816955566406,4226.52001953125
2021-06-08,123.65386962890625,242.9155731201172,4227.259765625
2021-06-09,124.03437805175781,243.8966064453125,4219.5498046875
2021-06-10,123.03921508789062,247.4071044921875,4239.18017578125
2021-06-11,124.24903106689453,248.0322265625,4247.43994140625
2021-06-14,127.30282592773438,249.9557647705078,4255.14990234375
2021-06-15,126.48324584960938,248.4842529296875,4246.58984375
2021-06-16,126.9808120727539,247.54173278808594,4223.7001953125
2021-06-17,128.5809326171875,250.9272003173828,4221.85986328125
2021-06-18,127.28331756591797,249.51341247558594,4166.4501953125
2021-06-21,129.07847595214844,252.591064453125,4224.7900390625
2021-06-22,130.71755981445312,255.36099243164062,4246.43994140625
2021-06-23,130.4444122314453,255.13014221191406,4241.83984375
2021-06-24,130.1614532470703,256.495849609375,4266.490234375
2021-06-25,129.86878967285156,254.8896484375,4280.7001953125
2021-06-28,131.49810791015625,258.4482727050781,4290.60986328125
2021-06-29,133.01039123535156,261.0257568359375,4291.7998046875
2021-06-30,133.62503051757812,260.544921875,4297.5
2021-07-01,133.92747497558594,261.21820068359375,4319.93994140625
2021-07-02,136.55198669433594,267.03692626953125,4352.33984375
2021-07-06,138.56182861328125,267.0464782714844,4343.5400390625
2021-07-07,141.04969787597656,269.229736328125,4358.1298828125
2021-07-08,139.7520751953125,266.81573486328125,4320.81982421875
2021-07-09,141.57656860351562,267.3157653808594,4369.5498046875
2021-07-12,140.98141479492188,266.71954345703125,4384.6298828125
2021-07-13,142.09365844726562,270.2395324707031,4369.2099609375
2021-07-14,145.51817321777344,271.7111511230469,4374.2998046875
2021-07-15,144.864501953125,270.2876892089844,4360.02978515625
2021-07-16,142.82540893554688,270.0184020996094,4327.16015625
2021-07-19,138.9813690185547,266.42138671875,4258.490234375
2021-07-20,142.59124755859375,268.64306640625,4323.06005859375
2021-07-21,141.8594970703125,270.6435852050781,4358.68994140625
2021-07-22,143.22544860839844,275.202392578125,4367.47998046875
2021-07-23,144.94253540039062,278.597412109375,4411.7900390625
2021-07-26,145.36209106445312,278.0010986328125,4422.2998046875
2021-07-27,143.19613647460938,275.5870666503906,4401.4599609375
2021-07-28,141.44973754882812,275.2793273925781,4400.64013671875
2021-07-29,142.09365844726562,275.5486145019531,4419.14990234375
2021-07-30,142.30828857421875,274.0194091796875,4395.259765625
2021-08-02,141.97662353515625,273.93280029296875,4387.16015625
2021-08-03,143.77174377441406,276.14495849609375,4423.14990234375
2021-08-04,143.37176513671875,275.5582580566406,4402.66015625
2021-08-05,143.47906494140625,278.4532165527344,4429.10009765625
2021-08-06,142.79507446289062,278.3954772949219,4436.52001953125
2021-08-09,142.7462921142578,277.3086242675781,4432.35009765625
2021-08-10,142.26747131347656,275.49090576171875,4436.75
2021-08-11,142.5215301513672,275.9813537597656,4442.41015625
2021-08-12,145.48220825195312,278.73211669921875,4460.830078125
2021-08-13,145.6873779296875,281.65594482421875,4468.0
2021-08-16,147.66116333007812,283.3390197753906,4479.7099609375
2021-08-17,146.75244140625,281.8770751953125,4448.080078125
2021-08-18,143.0100860595703,280.15216064453125,4400.27001953125
2021-08-19,143.34226989746094,285.9725036621094,4405.7998046875
2021-08-20,144.7981719970703,293.2862854003906,4441.669921875
2021-08-23,146.28341674804688,293.56573486328125,4479.52978515625
2021-08-24,146.19544982910156,291.609619140625,4486.22998046875
2021-08-25,144.96424865722656,291.0217590332031,4496.18994140625
2021-08-26,144.1630401611328,288.2080383300781,4470.0
2021-08-27,145.1988067626953,288.815185546875,4509.3701171875
2021-08-30,149.6153564453125,292.5443115234375,4528.7900390625
2021-08-31,148.3548583984375,290.8966064453125,4522.68017578125
2021-09-01,149.0193328857422,290.8484191894531,4524.08984375
2021-09-02,150.1332244873047,290.19305419921875,4536.9501953125
2021-09-03,150.76834106445312,290.18353271484375,4535.43017578125
2021-09-07,153.10365295410156,289.2583923339844,4520.02978515625
2021-09-08,151.559814453125,289.2872619628906,4514.06982421875
2021-09-09,150.54360961914062,286.43505859375,4493.27978515625
2021-09-10,145.5603485107422,284.9510192871094,4458.580078125
2021-09-13,146.12705993652344,286.1844482421875,4468.72998046875
2021-09-14,144.72979736328125,288.88262939453125,4443.0498046875
2021-09-15,145.6189727783203,293.7295837402344,4480.7001953125
2021-09-16,145.38446044921875,294.11505126953125,4473.75
2021-09-17,142.7169189453125,288.959716796875,4432.990234375
2021-09-20,139.6683807373047,283.59234619140625,4357.72998046875
2021-09-21,140.14710998535156,284.0740661621094,4354.18994140625
2021-09-22,142.51173400878906,287.71661376953125,4395.64013671875
2021-09-23,143.46932983398438,288.6609802246094,4448.97998046875
2021-09-24,143.55726623535156,288.4585876464844,4455.47998046875
2021-09-27,142.04273986816406,283.4670715332031,4443.10986328125
2021-09-28,138.66192626953125,273.2044982910156,4352.6298828125
2021-09-29,139.5608673095703,273.6671142578125,4359.4599609375
2021-09-30,138.26132202148438,271.66278076171875,4307.5400390625
2021-10-01,139.38497924804688,278.58148193359375,4357.0400390625
2021-10-04,135.955322265625,272.8094177246094,4300.4599609375
2021-10-05,137.8802490234375,278.25396728515625,4345.72021484375
2021-10-06,138.74984741210938,282.4455871582031,4363.5498046875
2021-10-07,140.01036071777344,284.1223449707031,4399.759765625
2021-10-08,139.62925720214844,284.1223449707031,4391.33984375
2021-10-11,139.5413360595703,283.52496337890625,4361.18994140625
2021-10-12,138.2710723876953,282.2240295410156,4350.64990234375
2021-10-13,137.684814453125,285.5291748046875,4363.7998046875
2021-10-14,140.46957397460938,291.7349548339844,4438.259765625
2021-10-15,141.52488708496094,293.1417541503906,4471.3701171875
2021-10-18,143.1957550048828,296.1097412109375,4486.4599609375
2021-10-19,145.35513305664062,297.0155029296875,4519.6298828125
2021-10-20,145.8436737060547,296.22540283203125,4536.18994140625
2021-10-21,146.0586700439453,299.4534912109375,4549.77978515625
2021-10-22,145.28672790527344,297.91162109375,4544.89990234375
2021-10-25,145.23788452148438,296.9190979003906,4566.47998046875
2021-10-26,145.90234375,298.82708740234375,4574.7900390625
2021-10-27,145.44305419921875,311.41192626953125,4551.68017578125
2021-10-28,149.07791137695312,312.5490417480469,4596.419921875
2021-10-29,146.37130737304688,319.5545349121094,4605.3798828125
2021-11-01,145.55056762695312,317.3863525390625,4613.669921875
2021-11-02,146.58633422851562,321.0096435546875,4630.64990234375
2021-11-03,148.02264404296875,321.8479309082031,4660.56982421875
2021-11-04,147.50482177734375,324.19915771484375,4680.06005859375
2021-11-05,148.03318786621094,323.8330078125,4697.52978515625
2021-11-08,147.2112274169922,324.7291259765625,4701.7001953125
2021-11-09,147.5732879638672,323.7269592285156,4685.25
2021-11-10,144.74530029296875,318.7643737792969,4646.7099609375
2021-11-11,144.69639587402344,320.3349914550781,4649.27001953125
2021-11-12,146.7708740234375,324.4689636230469,4682.85009765625
2021-11-15,146.78067016601562,323.8426513671875,4682.7998046875
2021-11-16,147.7592010498047,327.15740966796875,4700.89990234375
2021-11-17,150.1957550048828,327.37939453125,4688.669921875
2021-11-18,154.48175048828125,329.4550476074219,4704.5400390625
2021-11-19,157.10423278808594,331.2313537597656,4697.9599609375
2021-11-22,157.5641326904297,328.06488037109375,4682.93994140625
2021-11-23,157.94580078125,325.9893493652344,4690.7001953125
2021-11-24,158.4644317626953,326.21148681640625,4701.4599609375
2021-11-26,153.4445037841797,318.26629638671875,4594.6201171875
2021-11-29,156.8009033203125,324.9756164550781,4655.27001953125
2021-11-30,161.7523193359375,319.1448059082031,4567.0
2021-12-01,161.2336883544922,318.6524353027344,4513.0400390625
2021-12-02,160.24533081054688,318.0828857421875,4577.10009765625
2021-12-03,158.3665313720703,311.82720947265625,4538.43017578125
2021-12-06,161.77186584472656,314.89715576171875,4591.669921875
2021-12-07,167.50613403320312,323.324951171875,4686.75
2021-12-08,171.3223876953125,323.3731384277344,4701.2099609375
2021-12-09,170.8135223388672,321.56793212890625,4667.4501953125
2021-12-10,175.59857177734375,330.6811218261719,4712.02001953125
2021-12-13,171.96826171875,327.6498107910156,4668.97021484375
2021-12-14,170.58851623535156,316.9727783203125,4634.08984375
2021-12-15,175.45184326171875,323.06427001953125,4709.85009765625
2021-12-16,168.5629119873047,313.6517639160156,4668.669921875
2021-12-17,167.4669647216797,312.58984375,4620.64013671875
2021-12-20,166.10678100585938,308.8345642089844,4568.02001953125
2021-12-21,169.27725219726562,315.9590759277344,4649.22998046875
2021-12-22,171.87037658691406,321.6645202636719,4696.56005859375
2021-12-23,172.49664306640625,323.10284423828125,4725.7900390625
2021-12-27,176.45973205566406,330.5941467285156,4791.18994140625
2021-12-28,175.44204711914062,329.4357604980469,4786.35009765625
2021-12-29,175.53009033203125,330.111572265625,4793.06005859375
2021-12-30,174.37539672851562,327.5725402832031,4778.72998046875
2021-12-31,173.7589874267578,324.6764221191406,4766.18017578125
2022-01-03,178.10365295410156,323.1607971191406,4796.56005859375
2022-01-04,175.84324645996094,317.6195373535156,4793.5400390625
2022-01-05,171.16583251953125,305.4267578125,4700.580078125
2022-01-06,168.30850219726562,303.0133056640625,4696.0498046875
2022-01-07,168.47486877441406,303.1677551269531,4677.02978515625
2022-01-10,168.49441528320312,303.3897705078125,4670.2900390625
2022-01-11,171.3223876953125,304.0751953125,4713.06982421875
2022-01-12,171.76275634765625,307.2512512207031,4726.35009765625
2022-01-13,168.49441528320312,294.2476501464844,4659.02978515625
2022-01-14,169.3555450439453,299.4607238769531,4662.85009765625
2022-01-18,166.1557159423828,292.1720886230469,4577.10986328125
2022-01-19,162.66233825683594,292.8285827636719,4532.759765625
2022-01-20,160.979248046875,291.1584167480469,4482.72998046875
2022-01-21,158.92430114746094,285.78125,4397.93994140625
2022-01-24,158.15127563476562,286.1094970703125,4410.1298828125
2022-01-25,156.35072326660156,278.5023498535156,4356.4501953125
2022-01-26,156.2626953125,286.4377746582031,4349.93017578125
2022-01-27,155.80279541015625,289.4593505859375,4326.509765625
2022-01-28,166.67437744140625,297.58782958984375,4431.85009765625
2022-01-31,171.02882385253906,300.21368408203125,4515.5498046875
2022-02-01,170.8625030517578,298.070556640625,4546.5400390625
2022-02-02,172.0660858154297,302.60784912109375,4589.3798828125
2022-02-03,169.189208984375,290.8205871582031,4477.43994140625
2022-02-04,168.90505981445312,295.3481750488281,4500.52978515625
2022-02-07,168.1898193359375,290.5309753417969,4483.8701171875
2022-02-08,171.2957000732422,294.0160217285156,4521.5400390625
2022-02-09,172.71640014648438,300.4357604980469,4587.18017578125
2022-02-10,168.64053344726562,291.91143798828125,4504.080078125
2022-02-11,165.23085021972656,284.82562255859375,4418.64013671875
2022-02-14,165.4659881591797,284.7869567871094,4401.669921875
2022-02-15,169.29696655273438,290.0675354003906,4471.06982421875
2022-02-16,169.0618133544922,289.72900390625,4475.009765625
2022-02-17,165.4659881591797,281.24505615234375,4380.259765625
2022-02-18,163.91795349121094,278.5364685058594,4348.8701171875
2022-02-22,160.99822998046875,278.3333435058594,4304.759765625
2022-02-23,156.83409118652344,271.1263427734375,4225.5
2022-02-24,159.4501495361328,284.9791259765625,4288.7001953125
2022-02-25,161.51747131347656,287.6104431152344,4384.64990234375
2022-02-28,161.7820281982422,289.04217529296875,4373.93994140625
2022-03-01,159.9008026123047,285.3274841308594,4306.259765625
2022-03-02,163.19290161132812,290.3965148925781,4386.5400390625
2022-03-03,162.86956787109375,286.26580810546875,4363.490234375
2022-03-04,159.87147521972656,280.4034729003906,4328.8701171875
2022-03-07,156.07968139648438,269.81072998046875,4201.08984375
2022-03-08,154.25726318359375,266.8505554199219,4170.7001953125
2022-03-09,159.6558837890625,279.0878601074219,4277.8798828125
2022-03-10,155.31546020507812,276.2728576660156,4259.52001953125
2022-03-11,151.60203552246094,270.93292236328125,4204.31005859375
2022-03-14,147.57516479492188,267.42132568359375,4173.10986328125
2022-03-15,151.95477294921875,277.78192138671875,4262.4501953125
2022-03-16,156.3638153076172,284.7856750488281,4357.85986328125
2022-03-17,157.37298583984375,285.5886535644531,4411.669921875
2022-03-18,160.66505432128906,290.6286315917969,4463.1201171875
2022-03-21,162.0367889404297,289.4000244140625,4461.18017578125
2022-03-22,165.40724182128906,294.14019775390625,4511.60986328125
2022-03-23,166.76914978027344,289.7193603515625,4456.240234375
2022-03-24,170.55108642578125,294.178955078125,4520.16015625
2022-03-25,171.1879425048828,293.77264404296875,4543.06005859375
2022-03-28,172.05015563964844,300.5636291503906,4575.52001953125
2022-03-29,175.34226989746094,305.1200256347656,4631.60009765625
2022-03-30,174.1763153076172,303.6204528808594,4602.4501953125
2022-03-31,171.08016967773438,298.2515563964844,4530.41015625
2022-04-01,170.78623962402344,299.3254089355469,4545.85986328125
2022-04-04,174.83274841308594,304.6943359375,4582.64013671875
2022-04-05,171.5210723876953,300.7377014160156,4525.1201171875
2022-04-06,168.3563690185547,289.72900390625,4481.14990234375
2022-04-07,168.66009521484375,291.5379333496094,4500.2099609375
2022-04-08,166.65159606933594,287.2816162109375,4488.27978515625
2022-04-11,162.39930725097656,275.9535827636719,4412.52978515625
2022-04-12,164.2706756591797,272.8579406738281,4397.4501953125
2022-04-13,166.95526123046875,278.2365417480469,4446.58984375
2022-04-14,161.94859313964844,270.7007751464844,4392.58984375
2022-04-18,161.73304748535156,271.36822509765625,4391.68994140625
2022-04-19,164.01593017578125,275.99224853515625,4462.2099609375
2022-04-20,163.84934997558594,277.0176696777344,4459.4501953125
2022-04-21,163.0557403564453,271.648681640625,4393.66015625
2022-04-22,158.51931762695312,265.0899353027344,4271.77978515625
2022-04-25,159.58731079101562,271.5616760253906,4296.1201171875
2022-04-26,153.6302032470703,261.4043273925781,4175.2001953125
2022-04-27,153.40487670898438,273.9801330566406,4183.9599609375
2022-04-28,160.3319091796875,280.1809997558594,4287.5
2022-04-29,154.46302795410156,268.4660949707031,4131.93017578125
2022-05-02,154.76678466796875,275.18939208984375,4155.3798828125
2022-05-03,156.25601196289062,272.58709716796875,4175.47998046875
2022-05-04,162.663818359375,280.5196228027344,4300.169921875
2022-05-05,153.600830078125,268.3016662597656,4146.8701171875
2022-05-06,154.32688903808594,265.7671813964844,4123.33984375
2022-05-09,149.20492553710938,255.94818115234375,3991.239990234375
2022-05-10,151.6089630126953,260.70770263671875,4001.050048828125
2022-05-11,143.7493133544922,252.0497283935547,3935.179931640625
2022-05-12,139.88331604003906,247.01939392089844,3930.080078125
2022-05-13,144.34786987304688,252.60116577148438,4023.889892578125
2022-05-16,142.80734252929688,252.96873474121094,4008.010009765625
2022-05-17,146.43789672851562,258.115234375,4088.85009765625
2022-05-18,138.17599487304688,246.36326599121094,3923.679931640625
2022-05-19,134.77113342285156,245.4518280029297,3900.7900390625
2022-05-20,135.0066375732422,244.88943481445312,3901.360107421875
2022-05-23,140.42298889160156,252.7337188720703,3973.75
2022-05-24,137.724609375,251.73500061035156,3941.47998046875
2022-05-25,137.88162231445312,254.54693603515625,3978.72998046875
2022-05-26,141.08038330078125,257.8242492675781,4057.840087890625
2022-05-27,146.8303680419922,264.9413146972656,4158.240234375
2022-05-31,146.04534912109375,263.61297607421875,4132.14990234375
2022-06-01,145.9178466796875,264.14630126953125,4101.22998046875
2022-06-02,148.37091064453125,266.24066162109375,4176.81982421875
2022-06-03,142.65037536621094,261.8191223144531,4108.5400390625
2022-06-06,143.39608764648438,260.58770751953125,4121.43017578125
2022-06-07,145.9178466796875,264.2238464355469,4160.68017578125
2022-06-08,145.18194580078125,262.1972961425781,4115.77001953125
2022-06-09,139.96180725097656,256.748046875,4017.820068359375
2022-06-10,134.5552520751953,245.3063507080078,3900.860107421875
2022-06-13,129.40383911132812,234.9022674560547,3749.6298828125
2022-06-14,130.267333984375,237.06454467773438,3735.47998046875
2022-06-15,132.88719177246094,244.11370849609375,3789.989990234375
2022-06-16,127.61798858642578,237.5299530029297,3666.77001953125
2022-06-17,129.08982849121094,240.12855529785156,3674.840087890625
2022-06-21,133.3189239501953,246.0336151123047,3764.7900390625
2022-06-22,132.80865478515625,245.442138671875,3759.889892578125
2022-06-23,135.67385864257812,250.9980926513672,3795.72998046875
2022-06-24,139.00022888183594,259.56964111328125,3911.739990234375
2022-06-27,139.00022888183594,256.8449401855469,3900.110107421875
2022-06-28,134.8594512939453,248.6903839111328,3821.550048828125
2022-06-29,136.6158447265625,252.3555908203125,3818.830078125
2022-06-30,134.15298461914062,249.02975463867188,3785.3798828125
2022-07-01,136.3214569091797,251.6961669921875,3825.330078125
2022-07-05,138.90206909179688,254.86695861816406,3831.389892578125
2022-07-06,140.23654174804688,258.1248474121094,3845.080078125
2022-07-07,143.60214233398438,260.248291015625,3902.6201171875
2022-07-08,144.27919006347656,259.53082275390625,3899.3798828125
2022-07-11,142.14991760253906,256.4765319824219,3854.429931640625
2022-07-12,143.121337890625,245.96568298339844,3818.800048828125
2022-07-13,142.75831604003906,245.04457092285156,3801.780029296875
2022-07-14,145.68234252929688,246.36326599121094,3790.3798828125
2022-07-15,147.35043334960938,248.92306518554688,3863.159912109375
2022-07-18,144.30862426757812,246.52810668945312,3830.85009765625
2022-07-19,148.16482543945312,251.64772033691406,3936.68994140625
2022-07-20,150.16651916503906,254.30453491210938,3959.89990234375
2022-07-21,152.4331817626953,256.7964782714844,3998.949951171875
2022-07-22,151.19680786132812,252.45249938964844,3961.6298828125
2022-07-25,150.0782012939453,250.968994140625,3966.840087890625
2022-07-26,148.7536163330078,244.24945068359375,3921.050048828125
2022-07-27,153.84613037109375,260.5780029296875,4023.610107421875
2022-07-28,154.39561462402344,268.0151062011719,4072.429931640625
2022-07-29,159.45875549316406,272.213623046875,4130.2900390625
2022-08-01,158.47750854492188,269.56646728515625,4118.6298828125
2022-08-02,157.00564575195312,266.4733581542969,4091.18994140625
2022-08-03,163.0107421875,273.8909912109375,4155.169921875
2022-08-04,162.69679260253906,275.03515625,4151.93994140625
2022-08-05,162.47080993652344,274.3176574707031,4145.18994140625
2022-08-08,161.99913024902344,271.8063659667969,4140.06005859375
2022-08-09,162.04823303222656,273.7261657714844,4122.47021484375
2022-08-10,166.29302978515625,280.3778381347656,4210.240234375
2022-08-11,165.55609130859375,278.3027648925781,4207.27001953125
2022-08-12,169.10325622558594,283.0443115234375,4280.14990234375
2022-08-15,170.17428588867188,284.5569763183594,4297.14013671875
2022-08-16,170.01705932617188,283.820068359375,4305.2001953125
2022-08-17,171.51058959960938,283.07177734375,4274.0400390625
2022-08-18,171.11752319335938,281.954345703125,4283.740234375
2022-08-19,168.53334045410156,278.04815673828125,4228.47998046875
2022-08-22,164.65211486816406,269.8861083984375,4137.990234375
2022-08-23,164.31800842285156,268.61309814453125,4128.72998046875
2022-08-24,164.6128387451172,267.9815368652344,4140.77001953125
2022-08-25,167.0692901611328,270.9549255371094,4199.1201171875
2022-08-26,160.77090454101562,260.49957275390625,4057.659912109375
2022-08-29,158.56991577148438,257.7205505371094,4030.610107421875
2022-08-30,156.1428985595703,255.52444458007812,3986.159912109375
2022-08-31,154.4823455810547,254.06698608398438,3955.0
2022-09-01,155.20945739746094,253.02725219726562,3966.85009765625
2022-09-02,153.0968780517578,248.81016540527344,3924.260009765625
2022-09-06,151.83917236328125,246.07968139648438,3908.18994140625
2022-09-07,153.24427795410156,250.78265380859375,3979.8701171875
2022-09-08,151.7704315185547,251.2005157470703,4006.179931640625
2022-09-09,154.6297607421875,256.9722900390625,4067.360107421875
2022-09-12,160.58419799804688,259.1003112792969,4110.41015625
2022-09-13,151.16119384765625,244.85537719726562,3932.68994140625
2022-09-14,152.60560607910156,245.078857421875,3946.010009765625
2022-09-15,149.71678161621094,238.4325408935547,3901.35009765625
2022-09-16,148.0758819580078,237.8106689453125,3873.330078125
2022-09-19,151.79002380371094,237.5968780517578,3899.889892578125
2022-09-20,154.16787719726562,235.58546447753906,3855.929931640625
2022-09-21,151.04327392578125,232.18460083007812,3789.929931640625
2022-09-22,150.08035278320312,234.15707397460938,3757.989990234375
2022-09-23,147.810546875,231.1837615966797,3693.22998046875
2022-09-26,148.14463806152344,230.72703552246094,3655.0400390625
2022-09-27,149.1173858642578,229.71652221679688,3647.2900390625
2022-09-28,147.23081970214844,234.24453735351562,3719.0400390625
2022-09-29,139.99900817871094,230.77565002441406,3640.469970703125
2022-09-30,135.79351806640625,226.30587768554688,3585.6201171875
2022-10-03,139.96954345703125,233.92391967773438,3678.429931640625
2022-10-04,143.5559844970703,241.8334197998047,3790.929931640625
2022-10-05,143.85072326660156,242.14437866210938,3783.280029296875
2022-10-06,142.8976593017578,239.80259704589844,3744.52001953125
2022-10-07,137.65061950683594,227.60791015625,3639.659912109375
2022-10-10,137.974853515625,222.75921630859375,3612.389892578125
2022-10-11,136.55995178222656,219.0279541015625,3588.840087890625
2022-10-12,135.93109130859375,219.3582763671875,3577.030029296875
2022-10-13,140.5001220703125,227.60791015625,3669.909912109375
2022-10-14,135.97039794921875,222.08872985839844,3583.070068359375
2022-10-17,139.93020629882812,230.80474853515625,3677.949951171875
2022-10-18,141.24688720703125,231.74734497070312,3719.97998046875
2022-10-19,141.35494995117188,229.78453063964844,3695.159912109375
2022-10-20,140.89317321777344,229.46380615234375,3665.780029296875
2022-10-21,144.70562744140625,235.26480102539062,3752.75
2022-10-24,146.84762573242188,240.2495880126953,3797.340087890625
2022-10-25,149.68731689453125,243.56304931640625,3859.110107421875
2022-10-26,146.7493896484375,224.77064514160156,3830.60009765625
2022-10-27,142.27859497070312,220.32998657226562,3807.300048828125
2022-10-28,153.0281219482422,229.19180297851562,3901.06005859375
2022-10-31,150.6698760986328,225.5576934814453,3871.97998046875
2022-11-01,148.02674865722656,221.7097930908203,3856.10009765625
2022-11-02,142.5045928955078,213.86825561523438,3759.68994140625
2022-11-03,136.46165466308594,208.18389892578125,3719.889892578125
2022-11-04,136.19595336914062,215.12176513671875,3770.550048828125
2022-11-07,136.7274169921875,221.41830444335938,3806.800048828125
2022-11-08,137.29827880859375,222.38998413085938,3828.110107421875
2022-11-09,132.74134826660156,218.15341186523438,3748.570068359375
2022-11-10,144.5519561767578,236.1004638671875,3956.3701171875
2022-11-11,147.33729553222656,240.11354064941406,3992.929931640625
2022-11-14,145.939697265625,234.71096801757812,3957.25
2022-11-15,147.67189025878906,235.11907958984375,3991.72998046875
2022-11-16,146.44161987304688,235.5478057861328,3958.7900390625
2022-11-17,148.3411865234375,235.49908447265625,3946.56005859375
2022-11-18,148.90216064453125,235.0508575439453,3965.340087890625
2022-11-21,145.67396545410156,235.85968017578125,3949.93994140625
2022-11-22,147.8096923828125,238.763427734375,4003.580078125
2022-11-23,148.68568420410156,241.2482147216797,4027.260009765625
2022-11-25,145.77235412597656,241.16050720214844,4026.1201171875
2022-11-28,141.9437713623047,235.5770263671875,3963.93994140625
2022-11-29,138.94190979003906,234.1836395263672,3957.6298828125
2022-11-30,145.6936492919922,248.6148681640625,4080.110107421875
2022-12-01,145.96920776367188,248.1763458251953,4076.570068359375
2022-12-02,145.47714233398438,248.4979248046875,4071.699951171875
2022-12-05,144.3157196044922,243.80120849609375,3998.840087890625
2022-12-06,140.6544647216797,238.85110473632812,3941.260009765625
2022-12-07,138.71554565429688,238.12030029296875,3933.919921875
2022-12-08,140.39854431152344,241.0727996826172,3963.510009765625
2022-12-09,139.9163360595703,239.1434326171875,3934.3798828125
2022-12-12,142.20953369140625,246.05209350585938,3990.56005859375
2022-12-13,143.17405700683594,250.34934997558594,4019.64990234375
2022-12-14,140.9497528076172,250.6416473388672,3995.320068359375
2022-12-15,134.34564208984375,242.6416473388672,3895.75
2022-12-16,132.38699340820312,238.43211364746094,3852.360107421875
2022-12-19,130.2808074951172,234.300537109375,3817.659912109375
2022-12-20,130.2119140625,235.6160125732422,3821.6201171875
2022-12-21,133.31219482421875,238.1787567138672,3878.43994140625
2022-12-22,130.1430206298828,232.09837341308594,3822.389892578125
2022-12-23,129.77886962890625,232.62452697753906,3844.820068359375
2022-12-27,127.97773742675781,230.89984130859375,3829.25
2022-12-28,124.05070495605469,228.5319366455078,3783.219970703125
2022-12-29,127.56437683105469,234.8462371826172,3849.280029296875
2022-12-30,127.8792724609375,233.68666076660156,3839.5
2023-01-03,123.09601593017578,233.4528045654297,3824.139892578125
2023-01-04,124.36565399169922,223.24081420898438,3852.969970703125
2023-01-05,123.04680633544922,216.62445068359375,3808.10009765625
2023-01-06,127.57421112060547,219.17747497558594,3895.080078125
2023-01-09,128.09585571289062,221.3114776611328,3892.090087890625
2023-01-10,128.66668701171875,222.99722290039062,3919.25
2023-01-11,131.38311767578125,229.74024963378906,3969.610107421875
2023-01-12,131.3043975830078,232.41015625,3983.169921875
2023-01-13,132.63307189941406,233.1117401123047,3999.090087890625
2023-01-17,133.79444885253906,234.203125,3990.969970703125
2023-01-18,133.07598876953125,229.7792205810547,3928.860107421875
2023-01-19,133.13502502441406,225.99844360351562,3898.85009765625
2023-01-20,135.6940155029297,234.07643127441406,3972.610107421875
2023-01-23,138.88290405273438,236.37608337402344,4019.81005859375
2023-01-24,140.2804412841797,235.84986877441406,4016.949951171875
2023-01-25,139.6210479736328,234.45645141601562,4016.219970703125
2023-01-26,141.68788146972656,241.657470703125,4060.429931640625
2023-01-27,143.6267547607422,241.81338500976562,4070.56005859375
2023-01-30,140.7429962158203,236.50277709960938,4017.77001953125
2023-01-31,142.0126495361328,241.47232055664062,4076.60009765625
2023-02-01,143.13470458984375,246.28598022460938,4119.2099609375
2023-02-02,148.4396209716797,257.83294677734375,4179.759765625
2023-02-03,152.0615234375,251.7427520751953,4136.47998046875
2023-02-06,149.33526611328125,250.20314025878906,4111.080078125
2023-02-07,152.20913696289062,260.71728515625,4164.0
2023-02-08,149.52224731445312,259.908447265625,4117.85986328125
2023-02-09,148.48883056640625,256.8779602050781,4081.5
2023-02-10,148.8535614013672,256.371337890625,4090.4599609375
2023-02-13,151.65298461914062,264.3810119628906,4137.2900390625
2023-02-14,151.0122528076172,265.2093505859375,4136.1298828125
2023-02-15,153.1118621826172,263.0895080566406,4147.60009765625
2023-02-16,151.51498413085938,256.08544921875,4090.409912109375
2023-02-17,150.37156677246094,252.08999633789062,4079.090087890625
2023-02-21,146.3596649169922,246.82470703125,3997.340087890625
2023-02-22,146.78353881835938,245.6915283203125,3991.050048828125
2023-02-23,147.26654052734375,248.87612915039062,4012.320068359375
2023-02-24,144.61495971679688,243.45452880859375,3970.0400390625
2023-02-27,145.8076629638672,244.37277221679688,3982.239990234375
2023-02-28,145.3049774169922,243.64991760253906,3970.14990234375
2023-03-01,143.2349090576172,240.57276916503906,3951.389892578125
2023-03-02,143.82640075683594,245.30081176757812,3981.35009765625
2023-03-03,148.87326049804688,249.3841094970703,4045.639892578125
2023-03-06,151.63331604003906,250.92752075195312,4048.419921875
2023-03-07,149.4351348876953,248.27047729492188,3986.3701171875
2023-03-08,150.6869659423828,247.8308868408203,3992.010009765625
2023-03-09,148.4395294189453,246.4827880859375,3918.320068359375
2023-03-10,146.37937927246094,242.83909606933594,3861.590087890625
2023-03-13,148.32125854492188,248.04579162597656,3855.760009765625
2023-03-14,150.4109649658203,254.7568359375,3919.2900390625
2023-03-15,150.80526733398438,259.2992858886719,3891.929931640625
2023-03-16,153.62445068359375,269.81036376953125,3960.280029296875
2023-03-17,152.7865753173828,272.9656066894531,3916.639892578125
2023-03-20,155.15225219726562,265.9322204589844,3951.570068359375
2023-03-21,157.00543212890625,267.4463806152344,4002.8701171875
2023-03-22,155.5761260986328,265.9908752441406,3936.969970703125
2023-03-23,156.6604461669922,271.23663330078125,3948.719970703125
2023-03-24,157.9615936279297,274.07928466796875,3970.989990234375
2023-03-27,156.0197296142578,269.9861755371094,3977.530029296875
2023-03-28,155.39871215820312,268.8628234863281,3971.27001953125
2023-03-29,158.47415161132812,274.0206604003906,4027.81005859375
2023-03-30,160.0414581298828,277.47869873046875,4050.830078125
2023-03-31,162.545166015625,281.6304016113281,4109.31005859375
2023-04-03,163.79705810546875,280.585205078125,4124.509765625
2023-04-04,163.26475524902344,280.536376953125,4100.60009765625
2023-04-05,161.42144775390625,277.7620849609375,4090.3798828125
2023-04-06,162.30860900878906,284.8541259765625,4105.02001953125
2023-04-10,159.71617126464844,282.6951904296875,4109.10986328125
2023-04-11,158.50375366210938,276.28692626953125,4108.93994140625
2023-04-12,157.8137664794922,276.93170166015625,4091.949951171875
2023-04-13,163.19577026367188,283.1347961425781,4146.22021484375
2023-04-14,162.8507843017578,279.5203857421875,4137.64013671875
2023-04-17,162.8704833984375,282.1188049316406,4151.31982421875
2023-04-18,164.09275817871094,281.69879150390625,4154.8701171875
2023-04-19,165.2362060546875,281.77691650390625,4154.52001953125
2023-04-20,164.27020263671875,279.4910888671875,4129.7900390625
2023-04-21,162.66348266601562,279.1492614746094,4133.52001953125
2023-04-24,162.9690704345703,275.2514953613281,4137.0400390625
2023-04-25,161.43133544921875,269.04840087890625,4071.6298828125
2023-04-26,161.42144775390625,288.536865234375,4055.989990234375
2023-04-27,166.00506591796875,297.77801513671875,4135.35009765625
2023-04-28,167.25689697265625,300.15185546875,4169.47998046875
2023-05-01,167.16822814941406,298.49114990234375,4167.8701171875
2023-05-02,166.1332244873047,298.3446044921875,4119.580078125
2023-05-03,165.0587615966797,297.3579406738281,4090.75
2023-05-04,163.42245483398438,298.3446044921875,4061.219970703125
2023-05-05,171.0913848876953,303.46337890625,4136.25
2023-05-08,171.02239990234375,301.5096130371094,4138.1201171875
2023-05-09,169.31710815429688,299.8978576660156,4119.169921875
2023-05-10,171.08154296875,305.08489990234375,4137.64013671875
2023-05-11,171.26881408691406,302.9358215332031,4130.6201171875
2023-05-12,170.3409423828125,301.8222351074219,4124.080078125
2023-05-15,169.84739685058594,302.3009033203125,4136.27978515625
2023-05-16,169.84739685058594,304.5282287597656,4109.89990234375
2023-05-17,170.45938110351562,307.4064025878906,4158.77001953125
2023-05-18,172.7888946533203,311.83154296875,4198.0498046875
2023-05-19,172.89749145507812,311.6553039550781,4191.97998046875
2023-05-22,171.9499053955078,314.4356384277344,4192.6298828125
2023-05-23,169.343994140625,308.6399841308594,4145.580078125
2023-05-24,169.62037658691406,307.25958251953125,4115.240234375
2023-05-25,170.75552368164062,319.076171875,4151.27978515625
2023-05-26,173.16400146484375,325.89971923828125,4205.4501953125
2023-05-30,175.00985717773438,324.25506591796875,4205.52001953125
2023-05-31,174.96051025390625,321.49432373046875,4179.830078125
2023-06-01,177.76380920410156,325.5962219238281,4221.02001953125
2023-06-02,178.61270141601562,328.3570556640625,4282.3701171875
2023-06-05,177.26039123535156,328.8857116699219,4273.7900390625
2023-06-06,176.8951873779297,326.6731872558594,4283.85009765625
2023-06-07,175.5231475830078,316.5895080566406,4267.52001953125
2023-06-08,178.23764038085938,318.42999267578125,4293.93017578125
2023-06-09,178.6226043701172,319.9278564453125,4298.85986328125
2023-06-12,181.41603088378906,324.881591796875,4338.93017578125
2023-06-13,180.9422149658203,327.2703857421875,4369.009765625
2023-06-14,181.57395935058594,330.2563171386719,4372.58984375
2023-06-15,183.60733032226562,340.79034423828125,4425.83984375
2023-06-16,182.5314178466797,335.14154052734375,4409.58984375
2023-06-20,182.62025451660156,330.951416015625,4388.7099609375
2023-06-21,181.58383178710938,326.5556640625,4365.68994140625
2023-06-22,184.5845489501953,332.5765075683594,4381.89013671875
2023-06-23,184.2686767578125,327.98504638671875,4348.330078125
2023-06-26,182.8769073486328,321.69989013671875,4328.81982421875
2023-06-27,185.63087463378906,327.5445251464844,4378.41015625
2023-06-28,186.80548095703125,328.7976379394531,4376.85986328125
2023-06-29,187.14111328125,328.0144348144531,4396.43994140625
2023-06-30,191.46453857421875,333.38916015625,4450.3798828125
2023-07-03,189.97409057617188,330.89263916015625,4455.58984375
2023-07-05,188.85861206054688,331.0492858886719,4446.81982421875
2023-07-06,189.33241271972656,334.1037902832031,4411.58984375
2023-07-07,188.21702575683594,330.1387939453125,4398.9501953125
2023-07-10,186.17376708984375,324.8619384765625,4409.52978515625
2023-07-11,185.65060424804688,325.48858642578125,4439.259765625
2023-07-12,187.31878662109375,330.1192932128906,4472.16015625
2023-07-13,188.07882690429688,335.464599609375,4510.0400390625
2023-07-14,188.2268829345703,337.99041748046875,4505.419921875
2023-07-17,191.48426818847656,338.47015380859375,4522.7900390625
2023-07-18,191.22760009765625,351.9411926269531,4554.97998046875
2023-07-19,192.5799560546875,347.6238098144531,4565.72021484375
2023-07-20,190.6353759765625,339.586181640625,4534.8701171875
2023-07-21,189.4607391357422,336.5513000488281,4536.33984375
2023-07-24,190.26028442382812,337.8631286621094,4554.64013671875
2023-07-25,191.1190643310547,343.60992431640625,4567.4599609375
2023-07-26,191.9876708984375,330.6772766113281,4566.75
2023-07-27,190.7241973876953,323.7753601074219,4537.41015625
2023-07-28,193.30047607421875,331.2646789550781,4582.22998046875
2023-07-31,193.91249084472656,328.8661193847656,4588.9599609375
2023-08-01,193.08335876464844,329.2773132324219,4576.72998046875
2023-08-02,190.09246826171875,320.6229553222656,4513.39013671875
2023-08-03,188.70068359375,319.8005676269531,4501.89013671875
2023-08-04,179.63926696777344,320.8970031738281,4478.02978515625
2023-08-07,176.5398406982422,323.1781921386719,4518.43994140625
2023-08-08,177.4775848388672,319.203369140625,4499.3798828125
2023-08-09,175.8883819580078,315.463623046875,4467.7099609375
2023-08-10,175.6711883544922,316.1489562988281,4468.830078125
2023-08-11,175.73048400878906,314.26922607421875,4464.0498046875
2023-08-14,177.38113403320312,317.23565673828125,4489.72021484375
2023-08-15,175.39443969726562,315.10137939453125,4437.85986328125
2023-08-16,174.52464294433594,314.336181640625,4404.330078125
2023-08-17,171.9844207763672,310.8827819824219,4370.35986328125
2023-08-18,172.46873474121094,310.4903564453125,4369.7099609375
2023-08-21,173.80308532714844,315.7881774902344,4399.77001953125
2023-08-22,175.17698669433594,316.3571472167969,4387.5498046875
2023-08-23,179.0219268798828,320.811279296875,4436.009765625
2023-08-24,174.33685302734375,313.91424560546875,4376.31005859375
2023-08-25,176.541015625,316.8673095703125,4405.7099609375
2023-08-28,178.10269165039062,317.57373046875,4433.31005859375
2023-08-29,181.98716735839844,322.1944885253906,4497.6298828125
2023-08-30,185.47628784179688,322.5673522949219,4514.8701171875
2023-08-31,185.69374084472656,321.5568542480469,4507.66015625
2023-09-01,187.2653045654297,322.4398193359375,4515.77001953125
2023-09-05,187.50254821777344,327.23724365234375,4496.830078125
2023-09-06,180.79119873046875,326.5799865722656,4465.47998046875
2023-09-07,175.503173828125,323.6662292480469,4451.14013671875
2023-09-08,176.11598205566406,327.9436340332031,4457.490234375
2023-09-11,177.28231811523438,331.5441589355469,4487.4599609375
2023-09-12,174.25778198242188,325.49090576171875,4461.89990234375
2023-09-13,172.1919708251953,329.69976806640625,4467.43994140625
2023-09-14,173.7042694091797,332.2898254394531,4505.10009765625
2023-09-15,172.98272705078125,323.9703369140625,4450.31982421875
2023-09-18,175.90841674804688,322.8322448730469,4453.52978515625
2023-09-19,176.9956817626953,322.4300537109375,4443.9501953125
2023-09-20,173.45713806152344,314.69915771484375,4402.2001953125
2023-09-21,171.91522216796875,313.4826354980469,4330.0
2023-09-22,172.76524353027344,311.0103454589844,4320.06005859375
2023-09-25,174.04031372070312,311.5302734375,4337.43994140625
2023-09-26,169.96804809570312,306.2325134277344,4273.52978515625
2023-09-27,168.4557647705078,306.8702087402344,4274.509765625
2023-09-28,168.71275329589844,307.70416259765625,4299.7001953125
2023-09-29,169.22674560546875,309.7741394042969,4288.0498046875
2023-10-02,171.7373046875,315.7096252441406,4288.39013671875
2023-10-03,170.40292358398438,307.4588623046875,4229.4501953125
2023-10-04,171.6483612060547,312.92340087890625,4263.75
2023-10-05,172.8838653564453,313.31585693359375,4258.18994140625
2023-10-06,175.43397521972656,321.0662841796875,4308.5
2023-10-09,176.91661071777344,323.5779113769531,4335.66015625
2023-10-10,176.32354736328125,322.1750183105469,4358.240234375
2023-10-11,177.7172393798828,326.1286926269531,4376.9501953125
2023-10-12,178.61669921875,324.89251708984375,4349.60986328125
2023-10-13,176.77822875976562,321.5274353027344,4327.77978515625
2023-10-16,176.64971923828125,326.344482421875,4373.6298828125
2023-10-17,175.09791564941406,325.7755126953125,4373.2001953125
2023-10-18,173.80308532714844,323.8623962402344,4314.60009765625
2023-10-19,173.42750549316406,325.04949951171875,4278.0
2023-10-20,170.87738037109375,320.4875183105469,4224.16015625
2023-10-23,170.9959716796875,323.08734130859375,4217.0400390625
2023-10-24,171.430908203125,324.2744140625,4247.68017578125
2023-10-25,169.1179962158203,334.2225341796875,4186.77001953125
2023-10-26,164.956787109375,321.6844482421875,4137.22998046875
2023-10-27,166.2713623046875,323.56805419921875,4117.3701171875
2023-10-30,168.31736755371094,330.9261474609375,4166.81982421875
2023-10-31,168.7918243408203,331.7109680175781,4193.7998046875
2023-11-01,171.95474243164062,339.5202941894531,4237.85986328125
2023-11-02,175.51307678222656,341.7277526855469,4317.77978515625
2023-11-03,174.6037139892578,346.12298583984375,4358.33984375
2023-11-06,177.15380859375,349.7823486328125,4365.97998046875
2023-11-07,179.71383666992188,353.7066345214844,4378.3798828125
2023-11-08,180.77142333984375,356.32611083984375,4382.77978515625
2023-11-09,180.29696655273438,353.8636474609375,4347.35009765625
2023-11-10,184.48350524902344,362.67364501953125,4415.240234375
2023-11-13,182.89996337890625,359.7402648925781,4411.5498046875
2023-11-14,185.51283264160156,363.2622985839844,4495.7001953125
2023-11-15,186.07693481445312,363.4097900390625,4502.8798828125
2023-11-16,187.75946044921875,369.7997131347656,4508.240234375
2023-11-17,187.7396697998047,363.5867614746094,4514.02001953125
2023-11-20,189.48155212402344,371.0481872558594,4547.3798828125
2023-11-21,188.6798858642578,366.7522277832031,4538.18994140625
2023-11-22,189.34300231933594,371.4512634277344,4556.6201171875
2023-11-24,188.01681518554688,371.0383605957031,4559.33984375
2023-11-27,187.83863830566406,372.19842529296875,4550.43017578125
2023-11-28,188.44236755371094,376.2191467285156,4554.89013671875
2023-11-29,187.4229736328125,372.434326171875,4550.580078125
2023-11-30,187.99697875976562,372.4932556152344,4567.7998046875
2023-12-01,189.2737274169922,368.1678161621094,4594.6298828125
2023-12-04,187.48233032226562,362.8887634277344,4569.77978515625
2023-12-05,191.4313201904297,366.2115478515625,4567.18017578125
2023-12-06,190.3426513671875,362.55450439453125,4549.33984375
2023-12-07,192.27259826660156,364.6681213378906,4585.58984375
2023-12-08,193.69778442382812,367.892578125,4604.3701171875
2023-12-11,191.19378662109375,365.01214599609375,4622.43994140625
2023-12-12,192.7080535888672,368.0400390625,4643.7001953125
2023-12-13,195.9246368408203,368.0301818847656,4707.08984375
2023-12-14,196.07310485839844,359.7331237792969,4719.5498046875
2023-12-15,195.53866577148438,364.4518737792969,4719.18994140625
2023-12-18,193.87591552734375,366.33929443359375,4740.56005859375
2023-12-19,194.91513061523438,366.93896484375,4768.3701171875
2023-12-20,192.8268280029297,364.3437194824219,4698.35009765625
2023-12-21,192.67837524414062,367.2142333984375,4746.75
2023-12-22,191.60948181152344,368.236572265625,4754.6298828125
2023-12-26,191.06512451171875,368.3152770996094,4774.75
2023-12-27,191.1640625,367.73529052734375,4781.580078125
2023-12-28,191.58966064453125,368.92474365234375,4783.35009765625
2023-12-29,190.5504608154297,369.6719055175781,4769.830078125
2024-01-02,183.73129272460938,364.5894775390625,4742.830078125
2024-01-03,182.35560607910156,364.3240051269531,4704.81005859375
2024-01-04,180.03965759277344,361.70904541015625,4688.68017578125
2024-01-05,179.31716918945312,361.5223083496094,4697.240234375
2024-01-08,183.65213012695312,368.3447570800781,4763.5400390625
2024-01-09,183.23643493652344,369.42620849609375,4756.5
2024-01-10,184.275634765625,376.2879333496094,4783.4501953125
2024-01-11,183.6818084716797,378.116455078125,4780.240234375
2024-01-12,184.00840759277344,381.8914489746094,4783.830078125
2024-01-16,181.7420196533203,383.66094970703125,4765.97998046875
2024-01-17,180.80172729492188,382.87445068359375,4739.2099609375
2024-01-18,186.69058227539062,387.1999816894531,4780.93994140625
2024-01-19,189.59042358398438,391.918701171875,4839.81005859375
2024-01-22,191.896484375,389.7952880859375,4850.43017578125
2024-01-23,193.17318725585938,392.1448059082031,4864.60009765625
2024-01-24,192.50021362304688,395.7427673339844,4868.5498046875
2024-01-25,192.17359924316406,398.013671875,4894.16015625
2024-01-26,190.4416046142578,397.089599609375,4890.97021484375
2024-01-29,189.75869750976562,402.78155517578125,4927.93017578125
2024-01-30,186.10662841796875,401.6706848144531,4924.97021484375
2024-01-31,182.5040283203125,390.84710693359375,4845.64990234375
2024-02-01,184.9387664794922,396.9421691894531,4906.18994140625
2024-02-02,183.93914794921875,404.25616455078125,4958.60986328125
2024-02-05,185.75033569335938,398.7804870605469,4942.81005859375
2024-02-06,187.35369873046875,398.6231689453125,4954.22998046875
2024-02-07,187.46255493164062,407.03814697265625,4995.06005859375
2024-02-08,186.3837432861328,407.0971984863281,4997.91015625
2024-02-09,187.14683532714844,413.4281311035156,5026.60986328125
2024-02-12,185.46212768554688,408.22772216796875,5021.83984375
2024-02-13,183.3711700439453,399.4391784667969,4953.169921875
2024-02-14,182.48919677734375,403.29986572265625,5000.6201171875
2024-02-15,182.20179748535156,400.4141540527344,5029.72998046875
2024-02-16,180.66580200195312,397.9519348144531,5005.56982421875
2024-02-20,179.9225311279297,396.70111083984375,4975.509765625
2024-02-21,180.67568969726562,396.1003723144531,4981.7998046875
2024-02-22,182.7071990966797,405.42724609375,5087.02978515625
2024-02-23,180.8739013671875,404.1369934082031,5088.7998046875
2024-02-26,179.5261688232422,401.37933349609375,5069.52978515625
2024-02-27,180.98291015625,401.3202819824219,5078.18017578125
2024-02-28,179.7838134765625,401.5566711425781,5069.759765625
2024-02-29,179.11985778808594,407.3870849609375,5096.27001953125
2024-03-01,178.03970336914062,409.2190246582031,5137.080078125
2024-03-04,173.5207977294922,408.64776611328125,5130.9501953125
2024-03-05,168.58572387695312,396.5632629394531,5078.64990234375
2024-03-06,167.59474182128906,396.01171875,5104.759765625
2024-03-07,167.475830078125,402.95513916015625,5157.35986328125
2024-03-08,169.19021606445312,400.079345703125,5123.68994140625
2024-03-11,171.1920166015625,398.405029296875,5117.93994140625
2024-03-12,171.6676788330078,409.0023498535156,5175.27001953125
2024-03-13,169.58663940429688,408.8250732421875,5165.31005859375
2024-03-14,171.4397430419922,418.79205322265625,5150.47998046875
2024-03-15,171.0631866455078,410.1251525878906,5117.08984375
2024-03-18,172.15325927734375,411.0115051269531,5149.419921875
2024-03-19,174.4919891357422,415.03973388671875,5178.509765625
2024-03-20,177.05860900878906,418.80194091796875,5224.6201171875
2024-03-21,169.82444763183594,422.87933349609375,5241.52978515625
2024-03-22,170.7262420654297,422.2588806152344,5234.18017578125
2024-03-25,169.30914306640625,416.4677734375,5218.18994140625
2024-03-26,168.179443359375,415.2760009765625,5203.580078125
2024-03-27,171.7469482421875,415.0593566894531,5248.490234375
2024-03-28,169.93345642089844,414.3601379394531,5254.35009765625
2024-04-01,168.4965362548828,418.15191650390625,5243.77001953125
2024-04-02,167.3172607421875,415.0692443847656,5205.81005859375
2024-04-03,168.1199493408203,414.0942077636719,5211.490234375
2024-04-04,167.29745483398438,411.5630798339844,5147.2099609375
2024-04-05,168.0505828857422,419.08758544921875,5204.33984375
2024-04-08,166.9307861328125,418.1716003417969,5202.39013671875
2024-04-09,168.13978576660156,419.8360595703125,5209.91015625
2024-04-10,166.26681518554688,416.86175537109375,5160.64013671875
2024-04-11,173.4613494873047,421.4610900878906,5199.06005859375
2024-04-12,174.95773315429688,415.52227783203125,5123.41015625
2024-04-15,171.13253784179688,407.3870849609375,5061.81982421875
2024-04-16,167.85240173339844,408.3128967285156,5051.41015625
2024-04-17,166.48484802246094,405.6143493652344,5022.2099609375
2024-04-18,165.5334930419922,398.1587829589844,5011.1201171875
2024-04-19,163.5118865966797,393.08660888671875,4967.22998046875
2024-04-22,164.3443145751953,394.8988342285156,5010.60009765625
2024-04-23,165.394775390625,401.4089660644531,5070.5498046875
2024-04-24,167.4956512451172,402.8763427734375,5071.6298828125
2024-04-25,168.35780334472656,393.0079040527344,5048.419921875
2024-04-26,167.7731170654297,400.17779541015625,5099.9599609375
2024-04-29,171.9352264404297,396.1692810058594,5116.169921875
2024-04-30,168.79385375976562,383.444580078125,5035.68994140625
2024-05-01,167.7731170654297,388.96978759765625,5018.39013671875
2024-05-02,171.469482421875,391.82598876953125,5064.2001953125
2024-05-03,181.7261505126953,400.51263427734375,5127.7900390625
2024-05-06,180.0712127685547,407.2886657714844,5180.740234375
2024-05-07,180.7549591064453,403.1521301269531,5187.7001953125
2024-05-08,181.09193420410156,404.3340148925781,5187.669921875
2024-05-09,182.90541076660156,406.08709716796875,5214.080078125
2024-05-10,181.64517211914062,408.4704895019531,5222.68017578125
2024-05-13,184.85037231445312,407.4659118652344,5221.419921875
2024-05-14,185.9915313720703,410.2629699707031,5246.68017578125
2024-05-15,188.26397705078125,417.43603515625,5308.14990234375
2024-05-16,188.38302612304688,415.3739013671875,5297.10009765625
2024-05-17,188.4127960205078,414.6043395996094,5303.27001953125
2024-05-20,189.5738067626953,419.6658935546875,5308.1298828125
2024-05-21,190.87379455566406,423.3164978027344,5321.41015625
2024-05-22,189.43487548828125,424.7767333984375,5307.009765625
2024-05-23,185.4457550048828,421.3037414550781,5267.83984375
2024-05-24,188.52195739746094,424.42156982421875,5304.72021484375
2024-05-28,188.53189086914062,424.5794372558594,5306.0400390625
2024-05-29,188.82958984375,423.44482421875,5266.9501953125
2024-05-30,189.82191467285156,409.13824462890625,5235.47998046875
2024-05-31,190.7745361328125,409.5920715332031,5277.509765625
2024-06-03,192.54087829589844,408.0035400390625,5283.39990234375
2024-06-04,192.85842895507812,410.51953125,5291.33984375
2024-06-05,194.3667755126953,418.3536376953125,5354.02978515625
2024-06-06,192.98744201660156,418.8568115234375,5352.9599609375
2024-06-07,195.37893676757812,418.1957702636719,5346.990234375
2024-06-10,191.63787841796875,422.162109375,5360.7900390625
2024-06-11,205.56019592285156,426.9079284667969,5375.31982421875
2024-06-12,211.43475341796875,435.1761474609375,5421.02978515625
2024-06-13,212.5957794189453,435.689208984375,5433.740234375
2024-06-14,210.85922241210938,436.6660461425781,5431.60009765625
2024-06-17,215.0071258544922,442.3886413574219,5473.22998046875
2024-06-18,212.64540100097656,440.38568115234375,5487.02978515625
2024-06-20,208.0707550048828,439.7543029785156,5473.169921875
2024-06-21,205.89759826660156,443.7798156738281,5464.6201171875
2024-06-24,206.5426025390625,441.697998046875,5447.8701171875
2024-06-25,207.46546936035156,444.9342041015625,5469.2998046875
2024-06-26,211.61338806152344,446.1280822753906,5477.89990234375
2024-06-27,212.4568634033203,446.80889892578125,5482.8701171875
2024-06-28,209.00355529785156,440.9875793457031,5460.47998046875
2024-07-01,215.08653259277344,450.63714599609375,5475.08984375
2024-07-02,218.57949829101562,453.15313720703125,5509.009765625
2024-07-03,219.84970092773438,454.62322998046875,5537.02001953125
2024-07-05,224.6029052734375,461.3226623535156,5567.18994140625
2024-07-08,226.0715789794922,460.0202331542969,5572.85009765625
2024-07-09,226.92495727539062,453.40966796875,5576.97998046875
2024-07-10,231.1919403076172,460.0301513671875,5633.91015625
2024-07-11,225.82350158691406,448.63421630859375,5584.5400390625
2024-07-12,228.77066040039062,447.4995422363281,5615.35009765625
2024-07-15,232.60107421875,447.9040832519531,5631.22021484375
2024-07-16,233.0178680419922,443.5232849121094,5667.2001953125
2024-07-17,227.12344360351562,437.6033630371094,5588.27001953125
2024-07-18,222.45950317382812,434.495361328125,5544.58984375
2024-07-19,222.5885009765625,431.2787780761719,5505.0
2024-07-22,222.24119567871094,437.0310974121094,5564.41015625
2024-07-23,223.28309631347656,438.91558837890625,5555.740234375
2024-07-24,216.86276245117188,423.17840576171875,5427.1298828125
2024-07-25,215.8208465576172,412.81842041015625,5399.22021484375
2024-07-26,216.2872314453125,419.5968017578125,5459.10009765625
2024-07-29,216.56509399414062,421.0373229980469,5463.5400390625
2024-07-30,217.12078857421875,417.27813720703125,5436.43994140625
2024-07-31,220.37562561035156,412.7691345214844,5522.2998046875
2024-08-01,216.6841583251953,411.545654296875,5446.68017578125
2024-08-02,218.1726531982422,403.0406188964844,5346.56005859375
2024-08-05,207.66395568847656,389.8785705566406,5186.330078125
2024-08-06,205.6395721435547,394.27911376953125,5240.02978515625
2024-08-07,208.20973205566406,393.1148681640625,5199.5
2024-08-08,211.6729278564453,397.31805419921875,5319.31005859375
2024-08-09,214.58042907714844,400.6036071777344,5344.16015625
2024-08-12,216.1103973388672,401.3830261230469,5344.39013671875
2024-08-13,219.82598876953125,408.4870300292969,5434.43017578125
2024-08-14,220.2730255126953,411.29901123046875,5455.2099609375
2024-08-15,223.25347900390625,416.1620788574219,5543.22021484375
2024-08-16,224.57479858398438,413.6317138671875,5554.25
2024-08-19,224.4158477783203,416.65631103515625,5608.25
2024-08-20,225.03179931640625,419.8885192871094,5597.1201171875
2024-08-21,224.92250061035156,419.2361755371094,5620.85009765625
2024-08-22,223.06471252441406,410.7454833984375,5570.64013671875
2024-08-23,225.359619140625,411.9711608886719,5634.60986328125
2024-08-26,225.69740295410156,408.70928955078125,5616.83984375
2024-08-27,226.54188537597656,409.0552062988281,5625.7998046875
2024-08-28,225.0119171142578,405.85272216796875,5592.18017578125
2024-08-29,228.29037475585938,408.3435363769531,5591.9599609375
2024-08-30,227.5055389404297,412.3171081542969,5648.39990234375
2024-09-03,221.3162078857422,404.7060852050781,5528.93017578125
2024-09-04,219.4087371826172,404.1723327636719,5520.06982421875
2024-09-05,220.92874145507812,403.6682434082031,5503.41015625
2024-09-06,219.37893676757812,397.0556335449219,5408.419921875
2024-09-09,219.4683380126953,401.02911376953125,5471.0498046875
2024-09-10,218.67355346679688,409.4111022949219,5495.52001953125
2024-09-11,221.20692443847656,418.1488952636719,5554.1298828125
2024-09-12,221.3162078857422,422.0631103515625,5595.759765625
2024-09-13,221.04795837402344,425.611572265625,5626.02001953125
2024-09-16,214.90830993652344,426.3529052734375,5633.08984375
2024-09-17,215.37521362304688,430.1188659667969,5634.580078125
2024-09-18,219.249755859375,425.8290100097656,5618.259765625
2024-09-19,227.3763885498047,433.6179504394531,5713.64013671875
2024-09-20,226.71075439453125,430.23748779296875,5702.5498046875
2024-09-23,224.99205017089844,428.4978332519531,5718.56982421875
2024-09-24,225.8861541748047,424.2080078125,5732.93017578125
2024-09-25,224.8927001953125,427.114013671875,5722.259765625
2024-09-26,226.03518676757812,426.3232421875,5745.3701171875
2024-09-27,226.3034210205078,423.0713195800781,5738.169921875
2024-09-30,231.47943115234375,425.324951171875,5762.47998046875
2024-10-01,224.73374938964844,415.8260803222656,5708.75
2024-10-02,225.30003356933594,412.3072204589844,5709.5400390625
2024-10-03,224.19725036621094,411.7239990234375,5699.93994140625
2024-10-04,225.31988525390625,411.2496032714844,5751.06982421875
2024-10-07,220.2432403564453,404.8049621582031,5695.93994140625
2024-10-08,224.29661560058594,409.9151916503906,5751.1298828125
2024-10-09,228.0419921875,412.6333923339844,5792.0400390625
2024-10-10,227.54525756835938,411.0320739746094,5780.0498046875
2024-10-11,226.06500244140625,411.506591796875,5815.02978515625
2024-10-14,229.79052734375,414.2939453125,5859.85009765625
2024-10-15,232.3238983154297,413.8985900878906,5815.259765625
2024-10-16,230.26739501953125,411.308837890625,5842.47021484375
2024-10-17,230.63497924804688,411.90191650390625,5841.47021484375
2024-10-18,233.4663848876953,413.3253173828125,5864.669921875
2024-10-21,234.93670654296875,413.9381103515625,5853.97998046875
2024-10-22,234.32077026367188,422.56719970703125,5851.2001953125
2024-10-23,229.25404357910156,419.6908264160156,5797.419921875
2024-10-24,229.06527709960938,419.8193359375,5809.85986328125
2024-10-25,229.89981079101562,423.1997985839844,5808.1201171875
2024-10-28,231.8768310546875,421.6578063964844,5823.52001953125
2024-10-29,232.14505004882812,426.9559020996094,5832.919921875
2024-10-30,228.5983428955078,427.52911376953125,5813.669921875
2024-10-31,224.43569946289062,401.6518859863281,5705.4501953125
2024-11-01,221.45529174804688,405.6253662109375,5728.7998046875
2024-11-04,220.56117248535156,403.7374267578125,5712.68994140625
2024-11-05,221.9917449951172,406.7027587890625,5782.759765625
2024-11-06,221.2665252685547,415.32196044921875,5929.0400390625
2024-11-07,225.9954376220703,420.51123046875,5973.10009765625
2024-11-08,225.7269287109375,417.6546630859375,5995.5400390625
2024-11-11,223.01174926757812,413.17706298828125,6001.35009765625
2024-11-12,223.01174926757812,418.13897705078125,5983.990234375
2024-11-13,223.89691162109375,420.2839050292969,5985.3798828125
2024-11-14,226.98007202148438,421.95440673828125,5949.169921875
2024-11-15,223.77757263183594,410.20184326171875,5870.6201171875
2024-11-18,226.7811737060547,410.95306396484375,5893.6201171875
2024-11-19,227.03973388671875,412.9595642089844,5916.97998046875
2024-11-20,227.75584411621094,410.6861267089844,5917.10986328125
2024-11-21,227.27847290039062,408.913330078125,5948.7099609375
2024-11-22,228.62110900878906,413.0036926269531,5969.33984375
2024-11-25,231.60479736328125,414.776611328125,5987.3701171875
2024-11-26,233.7829132080078,423.888427734375,6021.6298828125
2024-11-27,233.6536102294922,418.93634033203125,5998.740234375
2024-11-29,236.0405731201172,419.4018249511719,6032.3798828125
2024-12-02,238.2882843017578,426.84979248046875,6047.14990234375
2024-12-03,241.33168029785156,427.06768798828125,6049.8798828125
2024-12-04,241.68971252441406,433.2280578613281,6086.490234375
2024-12-05,241.71954345703125,438.37823486328125,6075.10986328125
2024-12-06,241.5206298828125,439.31915283203125,6090.27001953125
2024-12-09,245.40939331054688,441.7456359863281,6052.85009765625
2024-12-10,246.4238739013672,439.0813903808594,6034.91015625
2024-12-11,245.1508331298828,444.68719482421875,6084.18994140625
2024-12-12,246.61282348632812,445.2516784667969,6051.25
2024-12-13,246.78192138671875,442.983642578125,6051.08984375
2024-12-16,249.6760711669922,447.2622375488281,6074.080078125
2024-12-17,252.1028289794922,450.104736328125,6050.60986328125
2024-12-18,246.7023468017578,433.1983337402344,5872.16015625
2024-12-19,248.43287658691406,432.841796875,5867.080078125
2024-12-20,253.1073455810547,432.41595458984375,5930.85009765625
2024-12-23,253.88311767578125,431.078857421875,5974.06982421875
2024-12-24,256.7972106933594,435.1197509765625,6040.0400390625
2024-12-26,257.61273193359375,433.91143798828125,6037.58984375
2024-12-27,254.2013702392578,426.4040832519531,5970.83984375
2024-12-30,250.8297882080078,420.7586975097656,5906.93994140625
